Все законы логики: Что такое закон тождества?~<b style="color: blue;">Закон тождества</b> утверждает, что любое высказывание тождественно самому себе: A = A.
Все законы логики: Для чего нужен закон тождества?~Чтобы избежать подмены понятий в рассуждениях.
Все законы логики: Что такое закон исключенного третьего?~<b style="color: blue;">Закон исключенного третьего</b> гласит, что для любого высказывания A, либо A, либо не-A истинно.
Все законы логики: Для чего нужен закон исключенного третьего?~Для исключения неопределенности в логических рассуждениях.
Все законы логики: Что такое закон противоречия?~<b style="color: blue;">Закон противоречия</b> утверждает, что высказывание и его отрицание не могут быть истинными одновременно.
Все законы логики: Для чего нужен закон противоречия?~Чтобы избежать логических противоречий в рассуждениях.
Все законы логики: Что такое закон достаточного основания?~<b style="color: blue;">Закон достаточного основания</b> требует, чтобы каждое утверждение имело достаточное основание для своей истинности.
Все законы логики: Для чего нужен закон достаточного основания?~Чтобы обосновать истинность утверждений.
Все законы логики: Что такое закон двойного отрицания?~<b style="color: blue;">Закон двойного отрицания</b> гласит, что отрицание отрицания A эквивалентно A.
Все законы логики: Для чего нужен закон двойного отрицания?~Для упрощения логических выражений.
Все законы логики: Что такое закон де Моргана?~<b style="color: blue;">Законы де Моргана</b> описывают правила преобразования логических операций И и ИЛИ.
Все законы логики: Для чего нужны законы де Моргана?~Для упрощения сложных логических выражений.
Все законы логики: Что такое закон коммутативности?~<b style="color: blue;">Закон коммутативности</b> утверждает, что порядок операндов в операциях И и ИЛИ не влияет на результат.
Все законы логики: Для чего нужен закон коммутативности?~Для упрощения логических выражений.
Все законы логики: Что такое закон ассоциативности?~<b style="color: blue;">Закон ассоциативности</b> утверждает, что группировка операндов в операциях И и ИЛИ не влияет на результат.
Все законы логики: Для чего нужен закон ассоциативности?~Для упрощения логических выражений.
Все законы логики: Что такое закон дистрибутивности?~<b style="color: blue;">Закон дистрибутивности</b> описывает распределение одной логической операции над другой.
Все законы логики: Для чего нужен закон дистрибутивности?~Для упрощения сложных логических выражений.
Все законы логики: Что такое закон контрапозиции?~<b style="color: blue;">Закон контрапозиции</b> утверждает, что если A → B, то ¬B → ¬A.
Все законы логики: Для чего нужен закон контрапозиции?~Для доказательства утверждений через их отрицание.
Все законы логики: Что такое закон транзитивности?~<b style="color: blue;">Закон транзитивности</b> утверждает, что если A → B и B → C, то A → C.
Все законы логики: Для чего нужен закон транзитивности?~Для построения логических цепочек.
Все законы логики: Что такое закон идемпотентности?~<b style="color: blue;">Закон идемпотентности</b> утверждает, что A И A = A и A ИЛИ A = A.
Все законы логики: Для чего нужен закон идемпотентности?~Для упрощения логических выражений.
Все законы логики: Что такое закон поглощения?~<b style="color: blue;">Закон поглощения</b> утверждает, что A И (A ИЛИ B) = A и A ИЛИ (A И B) = A.
Все законы логики: Для чего нужен закон поглощения?~Для упрощения логических выражений.
Все законы логики: Что такое закон исключения?~<b style="color: blue;">Закон исключения</b> утверждает, что A И ¬A = ложь и A ИЛИ ¬A = истина.
Все законы логики: Для чего нужен закон исключения?~Для определения противоречий и тавтологий.
Все законы логики: Что такое закон симметрии?~<b style="color: blue;">Закон симметрии</b> утверждает, что если A = B, то B = A.
Все законы логики: Для чего нужен закон симметрии?~Для логических преобразований.
Все законы логики: Что такое закон рефлексивности?~<b style="color: blue;">Закон рефлексивности</b> утверждает, что A = A.
Все законы логики: Для чего нужен закон рефлексивности?~Для базовых логических утверждений.
Все законы логики: Что такое закон эквивалентности?~<b style="color: blue;">Закон эквивалентности</b> утверждает, что A ↔ B эквивалентно (A → B) И (B → A).
Все законы логики: Для чего нужен закон эквивалентности?~Для доказательства эквивалентности утверждений.
Все законы логики: Что такое закон импликации?~<b style="color: blue;">Закон импликации</b> утверждает, что A → B эквивалентно ¬A ИЛИ B.
Все законы логики: Для чего нужен закон импликации?~Для преобразования импликаций в другие логические операции.
Все законы логики: Что такое закон отрицания импликации?~<b style="color: blue;">Закон отрицания импликации</b> утверждает, что ¬(A → B) эквивалентно A И ¬B.
Все законы логики: Для чего нужен закон отрицания импликации?~Для анализа ложных импликаций.
Все законы логики: Что такое закон конъюнкции?~<b style="color: blue;">Закон конъюнкции</b> утверждает, что A И B истинно, только если оба A и B истинны.
Все законы логики: Для чего нужен закон конъюнкции?~Для анализа сложных условий.
Все законы логики: Что такое закон дизъюнкции?~<b style="color: blue;">Закон дизъюнкции</b> утверждает, что A ИЛИ B истинно, если хотя бы одно из A или B истинно.
Все законы логики: Для чего нужен закон дизъюнкции?~Для анализа альтернативных условий.
Все законы логики: Что такое закон отрицания конъюнкции?~<b style="color: blue;">Закон отрицания конъюнкции</b> утверждает, что ¬(A И B) эквивалентно ¬A ИЛИ ¬B.
Все законы логики: Для чего нужен закон отрицания конъюнкции?~Для упрощения отрицаний сложных условий.
Все законы логики: Что такое закон отрицания дизъюнкции?~<b style="color: blue;">Закон отрицания дизъюнкции</b> утверждает, что ¬(A ИЛИ B) эквивалентно ¬A И ¬B.
Все законы логики: Для чего нужен закон отрицания дизъюнкции?~Для упрощения отрицаний альтернативных условий.
Все законы логики: Что такое закон силлогизма?~<b style="color: blue;">Закон силлогизма</b> утверждает, что если A → B и B → C, то A → C.
Все законы логики: Для чего нужен закон силлогизма?~Для построения логических выводов.
Все законы логики: Что такое закон модус поненс?~<b style="color: blue;">Закон модус поненс</b> утверждает, что если A → B и A истинно, то B истинно.
Все законы логики: Для чего нужен закон модус поненс?~Для логических выводов.
Все законы логики: Что такое закон модус толленс?~<b style="color: blue;">Закон модус толленс</b> утверждает, что если A → B и ¬B истинно, то ¬A истинно.
Все законы логики: Для чего нужен закон модус толленс?~Для доказательства через отрицание.
Все законы логики: Что такое закон гипотетического силлогизма?~<b style="color: blue;">Закон гипотетического силлогизма</b> утверждает, что если A → B и B → C, то A → C.
Все законы логики: Для чего нужен закон гипотетического силлогизма?~Для построения логических цепочек.
Все законы логики: Что такое закон контрадикции?~<b style="color: blue;">Закон контрадикции</b> утверждает, что A и ¬A не могут быть истинными одновременно.
Все законы логики: Для чего нужен закон контрадикции?~Для избежания логических противоречий.
Все законы логики: Что такое закон тавтологии?~<b style="color: blue;">Закон тавтологии</b> утверждает, что A ИЛИ A = A и A И A = A.
Все законы логики: Для чего нужен закон тавтологии?~Для упрощения логических выражений.
Все законы логики: Что такое закон экспортации?~<b style="color: blue;">Закон экспортации</b> утверждает, что (A И B) → C эквивалентно A → (B → C).
Все законы логики: Для чего нужен закон экспортации?~Для преобразования сложных импликаций.
Все законы логики: Что такое закон импортации?~<b style="color: blue;">Закон импортации</b> утверждает, что A → (B → C) эквивалентно (A И B) → C.
Все законы логики: Для чего нужен закон импортации?~Для преобразования сложных импликаций.
Все законы логики: Что такое закон композиции?~<b style="color: blue;">Закон композиции</b> утверждает, что если A → B и C → D, то (A И C) → (B И D).
Все законы логики: Для чего нужен закон композиции?~Для анализа сложных условий.
Все законы логики: Что такое закон декомпозиции?~<b style="color: blue;">Закон декомпозиции</b> утверждает, что если (A И B) → C, то A → (B → C).
Все законы логики: Для чего нужен закон декомпозиции?~Для упрощения сложных импликаций.
Все законы логики: Что такое закон бикондиционала?~<b style="color: blue;">Закон бикондиционала</b> утверждает, что A ↔ B эквивалентно (A → B) И (B → A).
Все законы логики: Для чего нужен закон бикондиционала?~Для доказательства эквивалентности утверждений.
Все законы логики: Что такое закон исключения констант?~<b style="color: blue;">Закон исключения констант</b> утверждает, что A И истина = A и A ИЛИ ложь = A.
Все законы логики: Для чего нужен закон исключения констант?~Для упрощения логических выражений.
Все законы логики: Что такое закон дополнения?~<b style="color: blue;">Закон дополнения</b> утверждает, что A И ¬A = ложь и A ИЛИ ¬A = истина.
Все законы логики: Для чего нужен закон дополнения?~Для определения противоречий и тавтологий.
Все законы логики: Что такое закон двойственности?~<b style="color: blue;">Закон двойственности</b> утверждает, что любая логическая операция имеет двойственную операцию.
Все законы логики: Для чего нужен закон двойственности?~Для анализа логических операций.
Все законы логики: Что такое закон инволюции?~<b style="color: blue;">Закон инволюции</b> утверждает, что ¬(¬A) = A.
Все законы логики: Для чего нужен закон инволюции?~Для упрощения отрицаний.
Все законы логики: Что такое закон эксклюзивного ИЛИ?~<b style="color: blue;">Закон эксклюзивного ИЛИ</b> утверждает, что A ⊕ B истинно, если только одно из A или B истинно.
Все законы логики: Для чего нужен закон эксклюзивного ИЛИ?~Для анализа исключающих условий.
Все законы логики: Что такое закон материальной импликации?~<b style="color: blue;">Закон материальной импликации</b> утверждает, что A → B эквивалентно ¬A ИЛИ B.
Все законы логики: Для чего нужен закон материальной импликации?~Для преобразования импликаций.
Все законы логики: Что такое закон отрицания бикондиционала?~<b style="color: blue;">Закон отрицания бикондиционала</b> утверждает, что ¬(A ↔ B) эквивалентно A ⊕ B.
Все законы логики: Для чего нужен закон отрицания бикондиционала?~Для анализа отрицаний эквивалентности.
